{"Name":"GlobalSettings","Title":"Global Settings","Elements":[{"Category":"Radar Objects","Title":"White Objects","File":"Startup-Profile","Section":"Constants","Key":"x115","Value":1.0,"ValueType":"ONOFF","Type":"ONOFF","Description":"Switch for White Objects on the Radar (Wakes, Materials, Salvage, etc) in Standard Flight (NOT Supercruise)"},{"Category":"Middle Screen Popup Messages","Title":"Background Opacity","File":"Advanced","Section":"Constants","Key":"z99","Value":1.0,"ValueType":"Brightness","Type":"2X","Description":"Middle screen Popup Messages (Ship Scan Detected, etc)\r\nBackground Opacity, behind Text and Symbols (cloud-shaped background)\r\nSet this value to 0 so you can still see the ship you're shooting at through the popup messages"},{"Category":"Jump System Info","Title":"Background Opacity","File":"Advanced","Section":"Constants","Key":"w151","Value":1.0,"ValueType":"Brightness","Type":"1X","Description":"Jump System Info Background Opacity"},{"Category":"Color Protection","Title":"Bright Yellow Protection","File":"Startup-Profile","Section":"Constants","Key":"z3","Value":1.0,"ValueType":"ONOFF","Type":"ONOFF","Description":"The Mod protects certain Elite Default Colors to add variety to the Panel and Interactive Screens (otherwise they all become Colored with your XML)\r\nYou can Override Color Protection here\r\nPlease note: This version of EDHM was designed WITH Color Protection, so it's Recommended you leave this Setting ON (or possibly remove the Bright Yellows)\r\nThis is an Experimental Feature, some Icons aren't Color Protected, they just aren't Modded"},{"Category":"Color Protection","Title":"General Yellow Protection","File":"Startup-Profile","Section":"Constants","Key":"y4","Value":1.0,"ValueType":"ONOFF","Type":"ONOFF","Description":"The Mod protects certain Elite Default Colors to add variety to the Panel and Interactive Screens (otherwise they all become Colored with your XML)\r\nYou can Override Color Protection here\r\nPlease note: This version of EDHM was designed WITH Color Protection, so it's Recommended you leave this Setting ON (or possibly remove the Bright Yellows)\r\nThis is an Experimental Feature, some Icons aren't Color Protected, they just aren't Modded"},{"Category":"Color Protection","Title":"White Protection","File":"Startup-Profile","Section":"Constants","Key":"z4","Value":1.0,"ValueType":"ONOFF","Type":"ONOFF","Description":"The Mod protects certain Elite Default Colors to add variety to the Panel and Interactive Screens (otherwise they all become Colored with your XML)\r\nYou can Override Color Protection here\r\nPlease note: This version of EDHM was designed WITH Color Protection, so it's Recommended you leave this Setting ON (or possibly remove the Bright Yellows)\r\nThis is an Experimental Feature, some Icons aren't Color Protected, they just aren't Modded"},{"Category":"Color Protection","Title":"Green Protection","File":"Startup-Profile","Section":"Constants","Key":"w4","Value":1.0,"ValueType":"ONOFF","Type":"ONOFF","Description":"The Mod protects certain Elite Default Colors to add variety to the Panel and Interactive Screens (otherwise they all become Colored with your XML)\r\nYou can Override Color Protection here\r\nPlease note: This version of EDHM was designed WITH Color Protection, so it's Recommended you leave this Setting ON (or possibly remove the Bright Yellows)\r\nThis is an Experimental Feature, some Icons aren't Color Protected, they just aren't Modded"},{"Category":"Color Protection","Title":"Red Protection","File":"Startup-Profile","Section":"Constants","Key":"x5","Value":1.0,"ValueType":"ONOFF","Type":"ONOFF","Description":"The Mod protects certain Elite Default Colors to add variety to the Panel and Interactive Screens (otherwise they all become Colored with your XML)\r\nYou can Override Color Protection here\r\nPlease note: This version of EDHM was designed WITH Color Protection, so it's Recommended you leave this Setting ON (or possibly remove the Bright Yellows)\r\nThis is an Experimental Feature, some Icons aren't Color Protected, they just aren't Modded"},{"Category":"Color Protection","Title":"Cyan / Blue Protection","File":"Startup-Profile","Section":"Constants","Key":"y5","Value":1.0,"ValueType":"ONOFF","Type":"ONOFF","Description":"The Mod protects certain Elite Default Colors to add variety to the Panel and Interactive Screens (otherwise they all become Colored with your XML)\r\nYou can Override Color Protection here\r\nPlease note: This version of EDHM was designed WITH Color Protection, so it's Recommended you leave this Setting ON (or possibly remove the Bright Yellows)\r\nThis is an Experimental Feature, some Icons aren't Color Protected, they just aren't Modded"},{"Category":"Color Protection","Title":"SuperPowers / Powers Icon Protection","File":"Startup-Profile","Section":"Constants","Key":"z5","Value":1.0,"ValueType":"ONOFF","Type":"ONOFF","Description":"The Mod protects certain Elite Default Colors to add variety to the Panel and Interactive Screens (otherwise they all become Colored with your XML)\r\nYou can Override Color Protection here\r\nPlease note: This version of EDHM was designed WITH Color Protection, so it's Recommended you leave this Setting ON (or possibly remove the Bright Yellows)\r\nThis is an Experimental Feature, some Icons aren't Color Protected, they just aren't Modded"},{"Category":"Space FX","Title":"Space Dust","File":"Startup-Profile","Section":"Constants","Key":"z121","Value":1.0,"ValueType":"ONOFF","Type":"ONOFF","Description":"Switch for Space Dust (aka Snow in Normal Flight)"},{"Category":"Space FX","Title":"Space Dust Mode","File":"Startup-Profile","Section":"Constants","Key":"z142","Value":0.0,"ValueType":"Preset","Type":"SpaceDustMode","Description":"Mode for Space Dust"},{"Category":"Space FX","Title":"Space Dust Color","File":"Advanced","Section":"Constants","Key":"x175|y175|z175","Value":-1.0,"ValueType":"Color","Type":"CustomColor","Description":"Custom Color for Space Dust"},{"Category":"Space FX","Title":"Space Dust Brightness","File":"Advanced","Section":"Constants","Key":"w175","Value":1.0,"ValueType":"Brightness","Type":"2X","Description":"Brightness for Space Dust"},{"Category":"Space FX","Title":"Space Dust Length","File":"Advanced","Section":"Constants","Key":"w142","Value":1.0,"ValueType":"Brightness","Type":"4X","Description":"Space Dust Length"},{"Category":"Space FX","Title":"Supercruise Snow Mode","File":"Startup-Profile","Section":"Constants","Key":"y234","Value":200.0,"ValueType":"Preset","Type":"SCSnowMode","Description":"Mode for Supercruise Snow"},{"Category":"Space FX","Title":"Supercruise Snow Color","File":"Advanced","Section":"Constants","Key":"x195|y195|z195","Value":-1.0,"ValueType":"Color","Type":"CustomColor","Description":"Custom Color for Supercruise Snow"},{"Category":"Space FX","Title":"Supercruise Snow Brightness","File":"Advanced","Section":"Constants","Key":"w195","Value":1.0,"ValueType":"Brightness","Type":"2X","Description":"Brightness for Supercruise Snow, set this to 0 to disable SC Snow"}]}