[
  {
    "id": "Template",
    "group": "None",
    "lang": [
      {
        "key": "en",
        "category": "",
        "value": "",
        "description": ""
      },
      {
        "key": "ru",
        "category": "",
        "value": "",
        "description": ""
      },
      {
        "key": "de",
        "category": "",
        "value": "",
        "description": ""
      },
      {
        "key": "fr",
        "category": "",
        "value": "",
        "description": ""
      },
      {
        "key": "it",
        "category": "",
        "value": "",
        "description": ""
      },
      {
        "key": "pt",
        "category": "",
        "value": "",
        "description": ""
      }
    ]
  },
  //----------------
  {
    "id": "Consent",
    "group": "Shipyard",
    "lang": [
      {
        "key": "en",
        "value": "Do you give us your permission to access your \r\nPlayer Journal and retrieve the list of your ships \r\nand basic Player data?",
        "category": "We need this information to enable automatic \r\ntheme change when you board your ship.",
        "description": "You can disable this feature at any time."
      },
      {
        "key": "ru",
        "value": "Даете ли вы нам разрешение на доступ к вашему журналу \r\nигрока и получение списка ваших кораблей и \r\nосновных данных игрока?",
        "category": "Нам нужна эта информация, чтобы включить автоматическое \r\nизменение темы, когда вы садитесь на корабль.",
        "description": "Вы можете отключить эту функцию в любое время."
      },
      {
        "key": "de",
        "value": "Erteilen Sie uns Ihre Erlaubnis, auf Ihr Spielerjournal \r\nzuzugreifen und die Liste Ihrer Schiffe sowie grundlegende \r\nSpielerdaten abzurufen?",
        "category": "Wir benötigen diese Informationen, um den automatischen \r\nThemenwechsel zu ermöglichen, wenn Sie an Bord Ihres Schiffes gehen.",
        "description": "Sie können diese Funktion jederzeit deaktivieren."
      },
      {
        "key": "fr",
        "value": "Nous donnez-vous votre autorisation pour accéder à \r\nvotre journal de joueur et récupérer la liste \r\nde vos vaisseaux et les données de base du joueur ?",
        "category": "Nous avons besoin de ces informations pour permettre \r\nle changement de thème automatique lorsque vous \r\nmontez à bord de votre navire.",
        "description": "Vous pouvez désactiver cette fonctionnalité à tout moment."
      },
      {
        "key": "it",
        "value": "Ci dai il permesso di accedere al tuo Diario del Giocatore \r\ne recuperare l'elenco delle tue navi e \r\ni dati di base del Giocatore?",
        "category": "Abbiamo bisogno di queste informazioni per abilitare il cambio \r\nautomatico del tema quando sali a bordo della tua nave.",
        "description": "Puoi disattivare questa funzione in qualsiasi momento."
      },
      {
        "key": "pt",
        "value": "Você nos dá permissão para acessar seu Diário do Jogador \r\ne recuperar a lista de seus navios \r\ne dados básicos do Jogador?",
        "category": "Precisamos dessas informações para permitir a mudança automática \r\nde tema quando você embarcar em seu navio.",
        "description": "Você pode desativar esse recurso a qualquer momento."
      }
    ]
  },
  {
    "id": "Reset",
    "group": "Shipyard",
    "lang": [
      {
        "key": "en",
        "category": "This will remove all current ships from the shipyard!\r\n",
        "value": "Then it will Scan your latest Journal looking for your last embarked ships\r\n",
        "description": "and they will be added to the Shipyard.\r\n\r\nProceed?"
      },
      {
        "key": "ru",
        "category": "Это приведет к удалению всех текущих кораблей с верфи!\r\n",
        "value": "Затем он просканирует ваш последний журнал в поисках ваших последних отправленных на борт кораблей\r\n",
        "description": "и они будут добавлены на верфь.\r\n\r\nПродолжить?"
      },
      {
        "key": "de",
        "category": "Dadurch werden alle aktuellen Schiffe aus der Werft entfernt!\r\n",
        "value": "Anschließend wird Ihr aktuelles Tagebuch nach Ihren zuletzt eingeschifften Schiffen durchsucht\r\n",
        "description": "und sie werden der Werft hinzugefügt.\r\n\r\nWeiter?"
      },
      {
        "key": "fr",
        "category": "Cela supprimera tous les navires actuels du chantier naval !\r\n",
        "value": "Ensuite, il analysera votre dernier journal à la recherche de vos derniers navires embarqués\r\n",
        "description": "et ils seront ajoutés au chantier naval.\r\n\r\nContinuer ?"
      },
      {
        "key": "it",
        "category": "Ciò rimuoverà tutte le navi attuali dal cantiere navale!\r\n",
        "value": "Quindi scansionerà il tuo ultimo diario alla ricerca delle ultime navi imbarcate\r\n",
        "description": "e verranno aggiunti al Cantiere.\r\n\r\nProcedere?"
      },
      {
        "key": "pt",
        "category": "Isso removerá todos os navios atuais do estaleiro!\r\n",
        "value": "Em seguida, ele examinará seu diário mais recente em busca dos últimos navios embarcados\r\n",
        "description": "e eles serão adicionados ao Estaleiro.\r\n\r\nContinuar?"
      }
    ]
  },
  {
    "id": "ResetDone",
    "group": "Shipyard",
    "lang": [
      {
        "key": "en",
        "category": "If you want to add more ships,\r\n",
        "value": "just embark them in-game and come \r\n",
        "description": "back here to assign them a Theme."
      },
      {
        "key": "ru",
        "category": "Если вы хотите добавить больше кораблей,\r\n",
        "value": "просто загрузите их в игру и приходите \r\n",
        "description": "вернитесь сюда, чтобы назначить им тему."
      },
      {
        "key": "de",
        "category": "Wenn Sie weitere Schiffe hinzufügen möchten,\r\n",
        "value": "Besteigen Sie sie einfach im Spiel und kommen Sie \r\n",
        "description": "zurück, um ihnen ein Thema zuzuweisen."
      },
      {
        "key": "fr",
        "category": "Si vous souhaitez ajouter plus de vaisseaux,\r\n",
        "value": "embarquez-les simplement dans le jeu et venez \r\n",
        "description": "revenez ici pour leur attribuer un thème."
      },
      {
        "key": "it",
        "category": "Se vuoi aggiungere altre navi,\r\n",
        "value": "imbarcarli nel gioco e venire\r\n",
        "description": "di nuovo qui per assegnare loro un tema."
      },
      {
        "key": "pt",
        "category": "Se você quiser adicionar mais navios,\r\n",
        "value": "basta embarcar no jogo e vir \r\n",
        "description": "volte aqui para atribuir um tema a eles."
      }
    ]
  },
  {
    "id": "Info",
    "group": "Shipyard",
    "lang": [
      {
        "key": "en",
        "category": "The Shipyard is a feature that allows you\r\n to automatically assign a different theme\r\n to each of your ships when you embark.\r\n\r\n",
        "value": "When enabled, we detect your ship once you embark\r\n and add it to the shipyard, all you have to do\r\n is choose a theme for the ship.\r\n\r\n",
        "description": "- The UI Program(but not this window) needs to \r\n be running for the Detection of your Ships."
      },
      {
        "key": "ru",
        "category": "Верфь — это функция, которая позволяет вам\r\n автоматически назначать разные темы\r\n каждому из ваших кораблей при посадке на борт.\r\n\r\n",
        "value": "Если эта функция включена, мы обнаруживаем ваш корабль после того, как вы погрузитесь в него\r\n, и добавляем его на верфь. Все, что вам нужно сделать\r\n, это выбрать тему для корабля.\r\n\r\n",
        "description": "- Программа пользовательского интерфейса (но не это окно) должна быть запущена для обнаружения ваших кораблей."
      },
      {
        "key": "de",
        "category": "Die Werft ist eine Funktion, mit der Sie jedem Ihrer Schiffe automatisch ein anderes Thema zuweisen können, wenn Sie an Bord gehen.\r\n\r\n",
        "value": "Wenn diese Option aktiviert ist, erkennen wir Ihr Schiff, sobald Sie an Bord gehen\r\n und fügen es der Werft hinzu. Sie müssen lediglich\r\nein Thema für das Schiff auswählen.\r\n\r\n",
        "description": "- Das UI-Programm (aber nicht dieses Fenster) muss zur Erkennung Ihrer Schiffe ausgeführt werden."
      },
      {
        "key": "fr",
        "category": "Le Chantier Naval est une fonctionnalité qui vous permet\r\n d'attribuer automatiquement un thème différent\r\n à chacun de vos navires lorsque vous embarquez.\r\n\r\n",
        "value": "Lorsqu'il est activé, nous détectons votre navire une fois que vous embarquez\r\n et l'ajoutons au chantier naval, tout ce que vous avez à faire\r\n est de choisir un thème pour le navire.\r\n\r\n",
        "description": "- Le programme d'interface utilisateur (mais pas cette fenêtre) doit \r\n être exécuté pour la détection de vos navires."
      },
      {
        "key": "it",
        "category": "Il Cantiere navale è una funzionalità che ti consente\r\n di assegnare automaticamente un tema diverso\r\n a ciascuna delle tue navi quando ti imbarchi.\r\n\r\n",
        "value": "Se abilitato, rileviamo la tua nave una volta imbarcata\r\n e la aggiungiamo al cantiere navale, tutto ciò che devi fare\r\n è scegliere un tema per la nave.\r\n\r\n",
        "description": "- Il programma UI (ma non questa finestra) deve\r\n essere in esecuzione per il rilevamento delle tue navi."
      },
      {
        "key": "pt",
        "category": "O Estaleiro é um recurso que permite\r\n atribuir automaticamente um tema diferente\r\n a cada um dos seus navios ao embarcar.\r\n\r\n",
        "value": "Quando ativado, detectamos seu navio assim que você embarca\r\n e o adicionamos ao estaleiro, tudo o que você precisa fazer\r\n é escolher um tema para o navio.\r\n\r\n",
        "description": "- O Programa UI (mas não esta janela) precisa \r\n estar em execução para a Detecção de seus Navios."
      }
    ]
  },
  {
    "id": "ShipRemoval",
    "group": "Shipyard",
    "lang": [
      {
        "key": "en",
        "category": "Remove Ship?",
        "value": "Are you sure of removing the ship:\r\n'{0} - {1}'\r\n out from the Shipyard?",
        "description": "Done!"
      },
      {
        "key": "ru",
        "category": "Удалить корабль?",
        "value": "Вы уверены, что уберете корабль:\r\n'{0} - {1}'\r\n с верфи?",
        "description": "Сделанный!"
      },
      {
        "key": "de",
        "category": "Schiff entfernen?",
        "value": "Sind Sie sicher, dass das Schiff:\r\n'{0} - {1}'\r\n von der Werft entfernt wird?",
        "description": "Erledigt!"
      },
      {
        "key": "fr",
        "category": "Supprimer le navire ?",
        "value": "Êtes-vous sûr de retirer le navire :\r\n'{0} - {1}'\r\n du chantier naval ?",
        "description": "Fait!"
      },
      {
        "key": "it",
        "category": "Rimuovere la nave?",
        "value": "Sei sicuro di rimuovere la nave:\r\n'{0} - {1}'\r\n dal cantiere navale?",
        "description": "Fatto!"
      },
      {
        "key": "pt",
        "category": "Remover navio?",
        "value": "Você tem certeza de que deseja remover o navio:\r\n'{0} - {1}'\r\n do Estaleiro?",
        "description": "Feito!"
      }
    ]
  },
  //----------------
  {
    "id": "MainMenu_Menu",
    "group": "BarMenus",
    "lang": [
      {
        "key": "en",
        "value": "Main Menu",
        "category": null,
        "description": null
      },
      {
        "key": "ru",
        "value": "Главное меню",
        "category": null,
        "description": null
      },
      {
        "key": "de",
        "value": "Hauptmenü",
        "category": null,
        "description": null
      },
      {
        "key": "fr",
        "value": "Menu principal",
        "category": null,
        "description": null
      },
      {
        "key": "it",
        "value": "Menu principale",
        "category": null,
        "description": null
      },
      {
        "key": "pt",
        "value": "Menu Principal",
        "category": null,
        "description": ""
      }
    ]
  },
  {
    "id": "MainMenu_UpdateCheck",
    "group": "BarMenus",
    "lang": [
      {
        "key": "en",
        "value": "Check for Updates..",
        "category": null,
        "description": null
      },
      {
        "key": "ru",
        "value": "Проверить наличие обновлений..",
        "category": null,
        "description": null
      },
      {
        "key": "de",
        "value": "Auf Updates prüfen..",
        "category": null,
        "description": null
      },
      {
        "key": "fr",
        "value": "Vérifiez les mises à jour..",
        "category": null,
        "description": null
      },
      {
        "key": "it",
        "value": "Controlla gli aggiornamenti..",
        "category": null,
        "description": null
      },
      {
        "key": "pt",
        "value": "Verifique se há atualizações..",
        "category": null,
        "description": ""
      }
    ]
  },
  {
    "id": "MainMenu_Settings",
    "group": "BarMenus",
    "lang": [
      {
        "key": "en",
        "value": "Settings",
        "category": null,
        "description": null
      },
      {
        "key": "ru",
        "value": "Настройки",
        "category": null,
        "description": null
      },
      {
        "key": "de",
        "value": "Einstellungen",
        "category": null,
        "description": null
      },
      {
        "key": "fr",
        "value": "Paramètres",
        "category": null,
        "description": null
      },
      {
        "key": "it",
        "value": "Impostazioni",
        "category": null,
        "description": null
      },
      {
        "key": "pt",
        "value": "Configurações",
        "category": null,
        "description": ""
      }
    ]
  },
  {
    "id": "MainMenu_GameFolder",
    "group": "BarMenus",
    "lang": [
      {
        "key": "en",
        "value": "Open Game Folder..",
        "category": null,
        "description": null
      },
      {
        "key": "ru",
        "value": "Откройте папку с игрой..",
        "category": null,
        "description": null
      },
      {
        "key": "de",
        "value": "Spielordner öffnen..",
        "category": null,
        "description": null
      },
      {
        "key": "fr",
        "value": "Ouvrir le dossier du jeu..",
        "category": null,
        "description": null
      },
      {
        "key": "it",
        "value": "Apri cartella di gioco..",
        "category": null,
        "description": null
      },
      {
        "key": "pt",
        "value": "Abra a pasta do jogo..",
        "category": null,
        "description": ""
      }
    ]
  },
  {
    "id": "MainMenu_Sipyard",
    "group": "BarMenus",
    "lang": [
      {
        "key": "en",
        "value": "Shipyard",
        "category": null,
        "description": null
      },
      {
        "key": "ru",
        "value": "Верфь",
        "category": null,
        "description": null
      },
      {
        "key": "de",
        "value": "Werft",
        "category": null,
        "description": null
      },
      {
        "key": "fr",
        "value": "Chantier naval",
        "category": null,
        "description": null
      },
      {
        "key": "it",
        "value": "Cantiere ",
        "category": null,
        "description": null
      },
      {
        "key": "pt",
        "value": "Estaleiro",
        "category": null,
        "description": ""
      }
    ]
  },
  {
    "id": "MainMenu_InstallMod",
    "group": "BarMenus",
    "lang": [
      {
        "key": "en",
        "value": "Install EDHM Mod",
        "category": null,
        "description": null
      },
      {
        "key": "ru",
        "value": "Установить мод EDHM",
        "category": null,
        "description": null
      },
      {
        "key": "de",
        "value": "Installieren Sie EDHM Mod",
        "category": null,
        "description": null
      },
      {
        "key": "fr",
        "value": "Installer le module EDHM",
        "category": null,
        "description": null
      },
      {
        "key": "it",
        "value": "Installa EDHM Mod",
        "category": null,
        "description": null
      },
      {
        "key": "pt",
        "value": "Instale EDHM Mod",
        "category": null,
        "description": ""
      }
    ]
  },
  {
    "id": "MainMenu_UninstallMod",
    "group": "BarMenus",
    "lang": [
      {
        "key": "en",
        "value": "Uninstall Mod",
        "category": null,
        "description": null
      },
      {
        "key": "ru",
        "value": "Удалить мод",
        "category": null,
        "description": null
      },
      {
        "key": "de",
        "value": "Mod deinstallieren",
        "category": null,
        "description": null
      },
      {
        "key": "fr",
        "value": "Désinstaller le mod",
        "category": null,
        "description": null
      },
      {
        "key": "it",
        "value": "Disinstalla Mod",
        "category": null,
        "description": null
      },
      {
        "key": "pt",
        "value": "Desinstalar Mod",
        "category": null,
        "description": ""
      }
    ]
  },
  {
    "id": "MainMenu_Plugins",
    "group": "BarMenus",
    "lang": [
      {
        "key": "en",
        "value": "3PMods (Plugins)",
        "category": null,
        "description": null
      },
      {
        "key": "de",
        "value": "3PMods (Plugins)",
        "category": null,
        "description": null
      },
      {
        "key": "ru",
        "value": "3PMods (плагины)",
        "category": null,
        "description": null
      },
      {
        "key": "fr",
        "value": "3PMods (Plug-ins)",
        "category": null,
        "description": null
      },
      {
        "key": "it",
        "value": "3PMods (plugin)",
        "category": null,
        "description": null
      },
      {
        "key": "pt",
        "value": "3PMods (Plugins)",
        "category": null,
        "description": ""
      }
    ]
  },
  {
    "id": "MainMenu_Help",
    "group": "BarMenus",
    "lang": [
      {
        "key": "en",
        "value": "Help",
        "category": null,
        "description": null
      },
      {
        "key": "de",
        "value": "Hilfe",
        "category": null,
        "description": null
      },
      {
        "key": "ru",
        "value": "Помощь",
        "category": null,
        "description": null
      },
      {
        "key": "fr",
        "value": "Aide",
        "category": null,
        "description": null
      },
      {
        "key": "it",
        "value": "Aiuto",
        "category": null,
        "description": null
      },
      {
        "key": "pt",
        "value": "Ajuda",
        "category": null,
        "description": ""
      }
    ]
  },
  {
    "id": "MainMenu_About",
    "group": "BarMenus",
    "lang": [
      {
        "key": "en",
        "value": "About..",
        "category": null,
        "description": null
      },
      {
        "key": "de",
        "value": "Über..",
        "category": null,
        "description": null
      },
      {
        "key": "ru",
        "value": "О..",
        "category": null,
        "description": null
      },
      {
        "key": "fr",
        "value": "À propos..",
        "category": null,
        "description": null
      },
      {
        "key": "it",
        "value": "Circa..",
        "category": null,
        "description": null
      },
      {
        "key": "pt",
        "value": "Sobre..",
        "category": null,
        "description": ""
      }
    ]
  },
  {
    "id": "MainMenu_Themes",
    "group": "BarMenus",
    "lang": [
      {
        "key": "en",
        "value": "Themes 🡻",
        "category": null,
        "description": null
      },
      {
        "key": "de",
        "value": "Themen 🡻",
        "category": null,
        "description": null
      },
      {
        "key": "ru",
        "value": "Темы 🡻",
        "category": null,
        "description": null
      },
      {
        "key": "fr",
        "value": "Thèmes 🡻",
        "category": null,
        "description": null
      },
      {
        "key": "it",
        "value": "Temi 🡻",
        "category": null,
        "description": null
      },
      {
        "key": "pt",
        "value": "Temas 🡻",
        "category": null,
        "description": ""
      }
    ]
  },
  {
    "id": "MainMenu_ApplyTheme",
    "group": "BarMenus",
    "lang": [
      {
        "key": "en",
        "value": "Apply Theme",
        "category": null,
        "description": null
      },
      {
        "key": "de",
        "value": "Design anwenden",
        "category": null,
        "description": null
      },
      {
        "key": "ru",
        "value": "Применить тему",
        "category": null,
        "description": null
      },
      {
        "key": "fr",
        "value": "Appliquer le thème",
        "category": null,
        "description": null
      },
      {
        "key": "it",
        "value": "Applica tema",
        "category": null,
        "description": null
      },
      {
        "key": "pt",
        "value": "Aplicar Tema",
        "category": null,
        "description": ""
      }
    ]
  },
  {
    "id": "MainMenu_SearchBox",
    "group": "BarMenus",
    "lang": [
      {
        "key": "en",
        "value": "Search:",
        "category": null,
        "description": null
      },
      {
        "key": "de",
        "value": "Suche",
        "category": null,
        "description": null
      },
      {
        "key": "ru",
        "value": "Поиск",
        "category": null,
        "description": null
      },
      {
        "key": "fr",
        "value": "Rechercher",
        "category": null,
        "description": null
      },
      {
        "key": "it",
        "value": "Cerca",
        "category": null,
        "description": null
      },
      {
        "key": "pt",
        "value": "Pesquisar:",
        "category": null,
        "description": ""
      }
    ]
  },
  {
    "id": "mnuTheme_Apply",
    "group": "BarMenus",
    "lang": [
      {
        "key": "en",
        "value": "Apply Theme",
        "category": null,
        "description": null
      },
      {
        "key": "de",
        "value": "Design anwenden",
        "category": null,
        "description": null
      },
      {
        "key": "ru",
        "value": "Appliquer le thème",
        "category": null,
        "description": null
      },
      {
        "key": "fr",
        "value": "Renommer le thème",
        "category": null,
        "description": null
      },
      {
        "key": "it",
        "value": "Applica tema",
        "category": null,
        "description": null
      },
      {
        "key": "pt",
        "value": "Aplicar Tema",
        "category": null,
        "description": ""
      }
    ]
  },
  {
    "id": "mnuTheme_Rename",
    "group": "BarMenus",
    "lang": [
      {
        "key": "en",
        "value": "Rename Theme",
        "category": null,
        "description": null
      },
      {
        "key": "de",
        "value": "Design umbenennen",
        "category": null,
        "description": null
      },
      {
        "key": "ru",
        "value": "Переименовать тему",
        "category": null,
        "description": null
      },
      {
        "key": "fr",
        "value": "Renommer le thème",
        "category": null,
        "description": null
      },
      {
        "key": "it",
        "value": "Rinomina tema",
        "category": null,
        "description": null
      },
      {
        "key": "pt",
        "value": "Renomear Tema",
        "category": null,
        "description": ""
      }
    ]
  },
  {
    "id": "mnuTheme_Delete",
    "group": "BarMenus",
    "lang": [
      {
        "key": "en",
        "value": "Delete Theme",
        "category": null,
        "description": null
      },
      {
        "key": "de",
        "value": "Design löschen",
        "category": null,
        "description": null
      },
      {
        "key": "ru",
        "value": "Удалить тему",
        "category": null,
        "description": null
      },
      {
        "key": "fr",
        "value": "Supprimer le thème",
        "category": null,
        "description": null
      },
      {
        "key": "it",
        "value": "Elimina tema",
        "category": null,
        "description": null
      },
      {
        "key": "pt",
        "value": "Excluir Tema",
        "category": null,
        "description": ""
      }
    ]
  },
  {
    "id": "mnuTheme_Export",
    "group": "BarMenus",
    "lang": [
      {
        "key": "en",
        "value": "Export Theme",
        "category": null,
        "description": null
      },
      {
        "key": "de",
        "value": "Design exportieren",
        "category": null,
        "description": null
      },
      {
        "key": "ru",
        "value": "Экспорт темы",
        "category": null,
        "description": null
      },
      {
        "key": "fr",
        "value": "Thème d'exportation",
        "category": null,
        "description": null
      },
      {
        "key": "it",
        "value": "Esporta tema",
        "category": null,
        "description": null
      },
      {
        "key": "pt",
        "value": "Exportar Tema",
        "category": null,
        "description": ""
      }
    ]
  },
  {
    "id": "mnuTheme_MakeNew",
    "group": "BarMenus",
    "lang": [
      {
        "key": "en",
        "value": "Duplicate Theme",
        "category": null,
        "description": null
      },
      {
        "key": "de",
        "value": "Design duplizieren",
        "category": null,
        "description": null
      },
      {
        "key": "ru",
        "value": "Дублировать тему",
        "category": null,
        "description": null
      },
      {
        "key": "fr",
        "value": "Thème dupliqué",
        "category": null,
        "description": null
      },
      {
        "key": "it",
        "value": "Tema duplicato",
        "category": null,
        "description": null
      },
      {
        "key": "pt",
        "value": "Tema duplicado",
        "category": null,
        "description": ""
      }
    ]
  },
  {
    "id": "mnuTheme_Thumbnail",
    "group": "BarMenus",
    "lang": [
      {
        "key": "en",
        "value": "Create Thumbnail Image..",
        "category": null,
        "description": null
      },
      {
        "key": "de",
        "value": "Miniaturbild erstellen..",
        "category": null,
        "description": null
      },
      {
        "key": "ru",
        "value": "Создать эскиз изображения..",
        "category": null,
        "description": null
      },
      {
        "key": "fr",
        "value": "Créer une image miniature..",
        "category": null,
        "description": null
      },
      {
        "key": "it",
        "value": "Crea immagine miniatura..",
        "category": null,
        "description": null
      },
      {
        "key": "pt",
        "value": "Criar imagem em miniatura..",
        "category": null,
        "description": ""
      }
    ]
  },
  {
    "id": "mnuTheme_Preview",
    "group": "BarMenus",
    "lang": [
      {
        "key": "en",
        "value": "Theme Preview",
        "category": null,
        "description": null
      },
      {
        "key": "de",
        "value": "Themenvorschau",
        "category": null,
        "description": null
      },
      {
        "key": "ru",
        "value": "Предварительный просмотр темы",
        "category": null,
        "description": null
      },
      {
        "key": "fr",
        "value": "Aperçu du thème",
        "category": null,
        "description": null
      },
      {
        "key": "it",
        "value": "Anteprima del tema",
        "category": null,
        "description": null
      },
      {
        "key": "pt",
        "value": "Visualização do tema",
        "category": null,
        "description": ""
      }
    ]
  },
  {
    "id": "mnuTheme_OpenFolder",
    "group": "BarMenus",
    "lang": [
      {
        "key": "en",
        "value": "Open Theme's Folder..",
        "category": null,
        "description": null
      },
      {
        "key": "de",
        "value": "Öffnen Sie den Ordner des Themas..",
        "category": null,
        "description": null
      },
      {
        "key": "ru",
        "value": "Откройте папку с темой..",
        "category": null,
        "description": null
      },
      {
        "key": "fr",
        "value": "Ouvrir le dossier du thème..",
        "category": null,
        "description": null
      },
      {
        "key": "it",
        "value": "Apri la cartella del tema..",
        "category": null,
        "description": null
      },
      {
        "key": "pt",
        "value": "Abra a pasta do tema..",
        "category": null,
        "description": ""
      }
    ]
  },
  {
    "id": "mnuTheme_Save",
    "group": "BarMenus",
    "lang": [
      {
        "key": "en",
        "value": "Save Theme Changes..",
        "category": null,
        "description": null
      },
      {
        "key": "de",
        "value": "Designänderungen speichern..",
        "category": null,
        "description": null
      },
      {
        "key": "ru",
        "value": "Сохранить изменения темы..",
        "category": null,
        "description": null
      },
      {
        "key": "fr",
        "value": "Enregistrer les changements de thème..",
        "category": null,
        "description": null
      },
      {
        "key": "it",
        "value": "Salva modifiche al tema..",
        "category": null,
        "description": null
      },
      {
        "key": "pt",
        "value": "Salvar alterações de tema..",
        "category": null,
        "description": ""
      }
    ]
  },
  {
    "id": "mnuGlobalSettings_Add",
    "group": "BarMenus",
    "lang": [
      {
        "key": "en",
        "value": "Add to Global Settings",
        "category": null,
        "description": null
      },
      {
        "key": "de",
        "value": "Zu globalen Einstellungen hinzufügen",
        "category": null,
        "description": null
      },
      {
        "key": "ru",
        "value": "Добавить в глобальные настройки",
        "category": null,
        "description": null
      },
      {
        "key": "fr",
        "value": "Ajouter aux paramètres globaux",
        "category": null,
        "description": null
      },
      {
        "key": "it",
        "value": "Aggiungi a Impostazioni globali",
        "category": null,
        "description": null
      },
      {
        "key": "pt",
        "value": "Adicionar às configurações globais",
        "category": null,
        "description": ""
      }
    ]
  },
  {
    "id": "mnuGlobalSettings_Remove",
    "group": "BarMenus",
    "lang": [
      {
        "key": "en",
        "value": "Remove from Global Settings",
        "category": null,
        "description": null
      },
      {
        "key": "de",
        "value": "Aus globalen Einstellungen entfernen",
        "category": null,
        "description": null
      },
      {
        "key": "ru",
        "value": "Удалить из глобальных настроек",
        "category": null,
        "description": null
      },
      {
        "key": "fr",
        "value": "Supprimer des paramètres globaux",
        "category": null,
        "description": null
      },
      {
        "key": "it",
        "value": "Rimuovi da Impostazioni globali",
        "category": null,
        "description": null
      },
      {
        "key": "pt",
        "value": "Remover das configurações globais",
        "category": null,
        "description": ""
      }
    ]
  },
  {
    "id": "mnuUserSettings_Add",
    "group": "BarMenus",
    "lang": [
      {
        "key": "en",
        "value": "Add to User Settings",
        "category": null,
        "description": null
      },
      {
        "key": "de",
        "value": "Zu den Benutzereinstellungen hinzufügen",
        "category": null,
        "description": null
      },
      {
        "key": "ru",
        "value": "Добавить в настройки пользователя",
        "category": null,
        "description": null
      },
      {
        "key": "fr",
        "value": "Ajouter aux paramètres utilisateur",
        "category": null,
        "description": null
      },
      {
        "key": "it",
        "value": "Aggiungi a Impostazioni utente",
        "category": null,
        "description": null
      },
      {
        "key": "pt",
        "value": "Adicionar às configurações do usuário",
        "category": null,
        "description": ""
      }
    ]
  },
  {
    "id": "mnuGlobalToUserSettings",
    "group": "BarMenus",
    "lang": [
      {
        "key": "en",
        "value": "Add to User Settings",
        "category": null,
        "description": null
      },
      {
        "key": "de",
        "value": "Zu den Benutzereinstellungen hinzufügen",
        "category": null,
        "description": null
      },
      {
        "key": "ru",
        "value": "Добавить в настройки пользователя",
        "category": null,
        "description": null
      },
      {
        "key": "fr",
        "value": "Ajouter aux paramètres utilisateur",
        "category": null,
        "description": null
      },
      {
        "key": "it",
        "value": "Aggiungi a Impostazioni utente",
        "category": null,
        "description": null
      },
      {
        "key": "pt",
        "value": "Adicionar às configurações do usuário",
        "category": null,
        "description": ""
      }
    ]
  },
  {
    "id": "mnuRemoveUserSettings",
    "group": "BarMenus",
    "lang": [
      {
        "key": "en",
        "value": "Remove from User Settings",
        "category": null,
        "description": null
      },
      {
        "key": "de",
        "value": "Aus Benutzereinstellungen entfernen",
        "category": null,
        "description": null
      },
      {
        "key": "ru",
        "value": "Удалить из настроек пользователя",
        "category": null,
        "description": null
      },
      {
        "key": "fr",
        "value": "Supprimer des paramètres utilisateur",
        "category": null,
        "description": null
      },
      {
        "key": "it",
        "value": "Rimuovi da Impostazioni utente",
        "category": null,
        "description": null
      },
      {
        "key": "pt",
        "value": "Remover das configurações do usuário",
        "category": null,
        "description": ""
      }
    ]
  },
  {
    "id": "cmdReloadThemes",
    "group": "BarMenus",
    "lang": [
      {
        "key": "en",
        "value": "Reload Theme List",
        "category": null,
        "description": "Reload Themes/Search any changes in the 'Demo-Profiles' folder and re-load all themes found."
      },
      {
        "key": "de",
        "value": "Themenliste neu laden",
        "category": null,
        "description": "Themen neu laden/Änderungen im Ordner „Demo-Profile“ suchen und alle gefundenen Themen neu laden."
      },
      {
        "key": "ru",
        "value": "Перезагрузить список тем",
        "category": null,
        "description": "Перезагрузить темы/Поиск любых изменений в папке «Демо-профили» и перезагрузить все найденные темы."
      },
      {
        "key": "fr",
        "value": "Recharger la liste des thèmes",
        "category": null,
        "description": "Recharger les thèmes/Rechercher tout changement dans le dossier 'Demo-Profiles' et recharger tous les thèmes trouvés."
      },
      {
        "key": "it",
        "value": "Ricarica elenco temi",
        "category": null,
        "description": "Ricarica temi/Cerca eventuali modifiche nella cartella \"Profili demo\" e ricarica tutti i temi trovati."
      },
      {
        "key": "pt",
        "value": "Recarregar Lista de Temas",
        "category": null,
        "description": "Recarregar Temas/Pesquise quaisquer alterações na pasta 'Demo-Profiles' e recarregue todos os temas encontrados."
      }
    ]
  },
  {
    "id": "cmdMakeNewTheme",
    "group": "BarMenus",
    "lang": [
      {
        "key": "en",
        "value": "New Theme",
        "category": null,
        "description": "Make New Theme/This will Create a New Theme using the Current Settings as Base."
      },
      {
        "key": "de",
        "value": "Neues Design",
        "category": null,
        "description": "Neues Design erstellen/Dies erstellt ein neues Design mit den aktuellen Einstellungen als Basis."
      },
      {
        "key": "ru",
        "value": "Новая тема",
        "category": null,
        "description": "Создать новую тему/Это создаст новую тему, используя текущие настройки в качестве основы."
      },
      {
        "key": "fr",
        "value": "Nouveau thème",
        "category": null,
        "description": "Créer un nouveau thème/Ceci créera un nouveau thème en utilisant les paramètres actuels comme base."
      },
      {
        "key": "it",
        "value": "Nuovo tema",
        "category": null,
        "description": "Crea nuovo tema/Questo creerà un nuovo tema usando le impostazioni correnti come base."
      },
      {
        "key": "pt",
        "value": "Novo tema",
        "category": null,
        "description": "Criar novo tema / Isso criará um novo tema usando as configurações atuais como base."
      }
    ]
  },
  {
    "id": "cmdDeletetheme",
    "group": "BarMenus",
    "lang": [
      {
        "key": "en",
        "value": "Delete Theme",
        "category": null,
        "description": "Delete Theme/Deletes the Selected theme and all its files."
      },
      {
        "key": "de",
        "value": "Design löschen",
        "category": null,
        "description": "Design löschen/Löscht das ausgewählte Design und alle seine Dateien."
      },
      {
        "key": "ru",
        "value": "Удалить тему",
        "category": null,
        "description": "Удалить тему/Удаляет выбранную тему и все ее файлы."
      },
      {
        "key": "fr",
        "value": "Supprimer le thème",
        "category": null,
        "description": "Supprimer le thème/Supprime le thème sélectionné et tous ses fichiers."
      },
      {
        "key": "it",
        "value": "Elimina tema",
        "category": null,
        "description": "Elimina tema/Elimina il tema selezionato e tutti i suoi file."
      },
      {
        "key": "pt",
        "value": "Excluir Tema",
        "category": null,
        "description": "Excluir Tema/Exclui o tema selecionado e todos os seus arquivos."
      }
    ]
  },
  {
    "id": "cmdSaveTheme",
    "group": "BarMenus",
    "lang": [
      {
        "key": "en",
        "value": "Save Theme",
        "category": null,
        "description": "Save Theme:/Save the Current Changes into the Selected Theme./NOTE: Your Changes in other people's Themes may get Overwritten by future updates."
      },
      {
        "key": "de",
        "value": "Design speichern",
        "category": null,
        "description": "Design speichern:/Aktuelle Änderungen im ausgewählten Design speichern./HINWEIS: Ihre Änderungen in den Designs anderer Personen können durch zukünftige Updates überschrieben werden."
      },
      {
        "key": "ru",
        "value": "Сохранить тему",
        "category": null,
        "description": "Сохранить тему:/Сохранить текущие изменения в выбранной теме./ПРИМЕЧАНИЕ. Ваши изменения в темах других людей могут быть перезаписаны будущими обновлениями."
      },
      {
        "key": "fr",
        "value": "Enregistrer le thème",
        "category": null,
        "description": "Enregistrer le thème :/Enregistrer les modifications actuelles dans le thème sélectionné./REMARQUE : Vos modifications dans les thèmes d'autres personnes peuvent être écrasées par les futures mises à jour."
      },
      {
        "key": "it",
        "value": "Salva tema",
        "category": null,
        "description": "Salva tema:/Salva le modifiche correnti nel tema selezionato./NOTA: le modifiche apportate ai temi di altre persone potrebbero essere sovrascritte da futuri aggiornamenti."
      },
      {
        "key": "pt",
        "value": "Salvar Tema",
        "category": null,
        "description": "Salvar Tema:/Salvar as Alterações Atuais no Tema Selecionado./NOTA: Suas Alterações nos Temas de outras pessoas podem ser Sobrescritas por atualizações futuras."
      }
    ]
  },
  {
    "id": "cmdImportTheme",
    "group": "BarMenus",
    "lang": [
      {
        "key": "en",
        "value": "Import Theme",
        "category": null,
        "description": "Import Theme/Import a ZIP file containing a downloaded theme."
      },
      {
        "key": "de",
        "value": "Design importieren",
        "category": null,
        "description": "Design importieren/ZIP-Datei importieren, die ein heruntergeladenes Design enthält."
      },
      {
        "key": "ru",
        "value": "Импортировать тему",
        "category": null,
        "description": "Импортировать тему/Импортировать ZIP-файл, содержащий загруженную тему."
      },
      {
        "key": "fr",
        "value": "Importer un thème",
        "category": null,
        "description": "Importer un thème/Importer un fichier ZIP contenant un thème téléchargé."
      },
      {
        "key": "it",
        "value": "Importa tema",
        "category": null,
        "description": "Importa tema/Importa un file ZIP contenente un tema scaricato."
      },
      {
        "key": "pt",
        "value": "Importar Tema",
        "category": null,
        "description": "Importar Tema/Importar um arquivo ZIP contendo um tema baixado."
      }
    ]
  },
  {
    "id": "cmdExportTheme",
    "group": "BarMenus",
    "lang": [
      {
        "key": "en",
        "value": "Export Theme",
        "category": null,
        "description": "Export Theme/Export the current settings into a New Theme and Packs it into a ZIP file, ready for Upload or sharing."
      },
      {
        "key": "de",
        "value": "Design exportieren",
        "category": null,
        "description": "Design exportieren/Exportieren Sie die aktuellen Einstellungen in ein neues Design und packt es in eine ZIP-Datei, bereit zum Hochladen oder Teilen."
      },
      {
        "key": "ru",
        "value": "Экспортировать тему ",
        "category": null,
        "description": " Экспортировать тему / Экспортировать текущие настройки в новую тему и упаковывать их в ZIP-файл, готовый для загрузки или обмена."
      },
      {
        "key": "fr",
        "value": "Exporter le thème",
        "category": null,
        "description": "Exporter le thème/Exporter les paramètres actuels dans un nouveau thème et le regrouper dans un fichier ZIP, prêt à être téléchargé ou partagé."
      },
      {
        "key": "it",
        "value": "Esporta tema",
        "category": null,
        "description": "Esporta tema/Esporta le impostazioni correnti in un nuovo tema e lo impacchetta in un file ZIP, pronto per il caricamento o la condivisione."
      },
      {
        "key": "pt",
        "value": "Exportar Tema",
        "category": null,
        "description": "Exportar Tema/Exportar as configurações atuais para um Novo Tema e empacotá-lo em um arquivo ZIP, pronto para Upload ou compartilhamento."
      }
    ]
  },
  {
    "id": "cmdOpenThemeFolder",
    "group": "BarMenus",
    "lang": [
      {
        "key": "en",
        "value": "Open Selected Theme Folder",
        "category": null,
        "description": "Open Selected Theme Folder/Opens the Folder where this Theme is located."
      },
      {
        "key": "de",
        "value": "Ausgewählten Themenordner öffnen",
        "category": null,
        "description": "Ausgewählten Themenordner öffnen/Öffnet den Ordner, in dem sich dieses Thema befindet."
      },
      {
        "key": "ru",
        "value": "Открыть папку с выбранной темой",
        "category": null,
        "description": "Открыть папку с выбранной темой/Открывает папку, в которой находится эта тема."
      },
      {
        "key": "fr",
        "value": "Ouvrir le dossier du thème sélectionné",
        "category": null,
        "description": "Ouvrir le dossier du thème sélectionné/Ouvre le dossier où se trouve ce thème."
      },
      {
        "key": "it",
        "value": "Apri la cartella del tema selezionata",
        "category": null,
        "description": "Apri la cartella del tema selezionata/Apre la cartella in cui si trova questo tema."
      },
      {
        "key": "pt",
        "value": "Abrir Pasta de Tema Selecionado",
        "category": null,
        "description": "Abrir Pasta de Tema Selecionado/Abre a Pasta onde este Tema está localizado."
      }
    ]
  },
  {
    "id": "cmdThemes_ShowFavorites",
    "group": "BarMenus",
    "lang": [
      {
        "key": "en",
        "value": "Favorites",
        "category": null,
        "description": "Favorites/Shows or Hides your Favorite Themes."
      },
      {
        "key": "de",
        "value": "Favoriten",
        "category": null,
        "description": "Favoriten/Zeigt oder verbirgt Ihre Lieblingsthemen."
      },
      {
        "key": "ru",
        "value": "Избранное",
        "category": null,
        "description": "Избранное/Показывает или скрывает ваши любимые темы."
      },
      {
        "key": "fr",
        "value": "Favoris",
        "category": null,
        "description": "Favoris/Affiche ou masque vos thèmes favoris."
      },
      {
        "key": "it",
        "value": "Preferiti",
        "category": null,
        "description": "Preferiti/Mostra o nasconde i tuoi temi preferiti."
      },
      {
        "key": "pt",
        "value": "Favoritos",
        "category": null,
        "description": "Favoritos/Mostra ou Esconde seus Temas Favoritos."
      }
    ]
  },
  {
    "id": "Panel_UP",
    "group": "TileGroup",
    "lang": [
      {
        "key": "en",
        "value": "Panel (Upper)",
        "category": null,
        "description": null
      },
      {
        "key": "ru",
        "value": "Панель (верхняя)",
        "category": null,
        "description": null
      },
      {
        "key": "de",
        "value": "Anzeigebereich(oben)",
        "category": null,
        "description": null
      },
      {
        "key": "fr",
        "value": "Panneau (supérieur)",
        "category": null,
        "description": null
      },
      {
        "key": "it",
        "value": "Pannello (superiore)",
        "category": null,
        "description": null
      },
      {
        "key": "pt",
        "value": "Painel (superior)",
        "category": null,
        "description": null
      }
    ]
  },
  {
    "id": "Reticle",
    "group": "TileGroup",
    "lang": [
      {
        "key": "en",
        "value": "Targeting Reticle",
        "category": null,
        "description": null
      },
      {
        "key": "ru",
        "value": "Прицельная сетка",
        "category": null,
        "description": null
      },
      {
        "key": "de",
        "value": "Fadenkreuz/ Zielaufschaltung",
        "category": null,
        "description": null
      },
      {
        "key": "fr",
        "value": "Réticule de ciblage",
        "category": null,
        "description": null
      },
      {
        "key": "it",
        "value": "Reticolo di puntamento",
        "category": null,
        "description": null
      },
      {
        "key": "pt",
        "value": "Retículo de segmentação",
        "category": null,
        "description": null
      }
    ]
  },
  {
    "id": "Settings",
    "group": "TileGroup",
    "lang": [
      {
        "key": "en",
        "value": "HUD Settings",
        "category": null,
        "description": null
      },
      {
        "key": "ru",
        "value": "Настройки HUD",
        "category": null,
        "description": null
      },
      {
        "key": "de",
        "value": "HUD-Einstellungen",
        "category": null,
        "description": null
      },
      {
        "key": "fr",
        "value": "Paramètres de l'HUD",
        "category": null,
        "description": null
      },
      {
        "key": "it",
        "value": "Impostazioni HUD",
        "category": null,
        "description": null
      },
      {
        "key": "pt",
        "value": "Configurações do HUD",
        "category": null,
        "description": null
      }
    ]
  },
  {
    "id": "Panel_Lower",
    "group": "TileGroup",
    "lang": [
      {
        "key": "en",
        "value": "Ship Panels",
        "category": null,
        "description": null
      },
      {
        "key": "ru",
        "value": "Панели кораблей",
        "category": null,
        "description": null
      },
      {
        "key": "de",
        "value": "Anzeigebereich (unten)",
        "category": null,
        "description": null
      },
      {
        "key": "fr",
        "value": "Panneaux de navire",
        "category": null,
        "description": null
      },
      {
        "key": "it",
        "value": "Pannelli di navi",
        "category": null,
        "description": null
      },
      {
        "key": "pt",
        "value": "Painéis de navio",
        "category": null,
        "description": null
      }
    ]
  },
  {
    "id": "Lighting",
    "group": "TileGroup",
    "lang": [
      {
        "key": "en",
        "value": "Cabin Lighting",
        "category": null,
        "description": null
      },
      {
        "key": "ru",
        "value": "Освещение кабины",
        "category": null,
        "description": null
      },
      {
        "key": "de",
        "value": "Cockpitbeleuchtung",
        "category": null,
        "description": null
      },
      {
        "key": "fr",
        "value": "Éclairage de la cabine",
        "category": null,
        "description": null
      },
      {
        "key": "it",
        "value": "Illuminazione della cabina",
        "category": null,
        "description": null
      },
      {
        "key": "pt",
        "value": "Iluminação da Cabine",
        "category": null,
        "description": null
      }
    ]
  },
  {
    "id": "SpecialFX",
    "group": "TileGroup",
    "lang": [
      {
        "key": "en",
        "value": "Special Effects",
        "category": null,
        "description": null
      },
      {
        "key": "ru",
        "value": "Специальные эффекты",
        "category": null,
        "description": null
      },
      {
        "key": "de",
        "value": "Spezialeffekte",
        "category": null,
        "description": null
      },
      {
        "key": "fr",
        "value": "Effets spéciaux",
        "category": null,
        "description": null
      },
      {
        "key": "it",
        "value": "Effetti speciali",
        "category": null,
        "description": null
      },
      {
        "key": "pt",
        "value": "Efeitos Especiais",
        "category": null,
        "description": null
      }
    ]
  },
  {
    "id": "CHUD_AHUD",
    "group": "TileGroup",
    "lang": [
      {
        "key": "en",
        "value": "Combat & Analysis HUD",
        "category": null,
        "description": null
      },
      {
        "key": "ru",
        "value": "HUD боя и анализа",
        "category": null,
        "description": null
      },
      {
        "key": "de",
        "value": "Kampf- (CHUD) und Analyse- (AHUD) HUD",
        "category": null,
        "description": null
      },
      {
        "key": "fr",
        "value": "HUD de combat et d'analyse",
        "category": null,
        "description": null
      },
      {
        "key": "it",
        "value": "Combattimento e analisi HUD",
        "category": null,
        "description": null
      },
      {
        "key": "pt",
        "value": "HUD de Combate e Análise",
        "category": null,
        "description": null
      }
    ]
  },
  {
    "id": "Foot_HUD",
    "group": "TileGroup",
    "lang": [
      {
        "key": "en",
        "value": "On Foot HUD",
        "category": null,
        "description": null
      },
      {
        "key": "ru",
        "value": "Костюм HUD",
        "category": null,
        "description": null
      },
      {
        "key": "de",
        "value": "HUD zu Fuß",
        "category": null,
        "description": null
      },
      {
        "key": "fr",
        "value": "HUD à pied",
        "category": null,
        "description": null
      },
      {
        "key": "it",
        "value": "A piedi HUD",
        "category": null,
        "description": null
      },
      {
        "key": "pt",
        "value": "HUD a pé",
        "category": null,
        "description": null
      }
    ]
  },
  {
    "id": "ShieldsHolo",
    "group": "TileGroup",
    "lang": [
      {
        "key": "en",
        "value": "Shield & Holo Ship",
        "category": null,
        "description": null
      },
      {
        "key": "ru",
        "value": "Щит и голографический корабль",
        "category": null,
        "description": null
      },
      {
        "key": "de",
        "value": "Schild & Holo-Schiff",
        "category": null,
        "description": null
      },
      {
        "key": "fr",
        "value": "Bouclier et Holo Navire",
        "category": null,
        "description": null
      },
      {
        "key": "it",
        "value": "Scudo e nave olografica",
        "category": null,
        "description": null
      },
      {
        "key": "pt",
        "value": "Escudos e Navio Holo",
        "category": null,
        "description": null
      }
    ]
  },
  {
    "id": "RadarHUD",
    "group": "TileGroup",
    "lang": [
      {
        "key": "en",
        "value": "Radar & Common Group",
        "category": null,
        "description": null
      },
      {
        "key": "ru",
        "value": "Радар и общая группа",
        "category": null,
        "description": null
      },
      {
        "key": "de",
        "value": "Radar & gemeinsame Gruppe",
        "category": null,
        "description": null
      },
      {
        "key": "fr",
        "value": "Radar et groupe commun",
        "category": null,
        "description": null
      },
      {
        "key": "it",
        "value": "Radar e gruppo comune",
        "category": null,
        "description": null
      },
      {
        "key": "pt",
        "value": "Grupo de radar e comum",
        "category": null,
        "description": null
      }
    ]
  },
  {
    "id": "Power_Distributor",
    "group": "TileGroup",
    "lang": [
      {
        "key": "en",
        "value": "Power Distributor",
        "category": null,
        "description": null
      },
      {
        "key": "ru",
        "value": "Распределитель питания",
        "category": null,
        "description": null
      },
      {
        "key": "de",
        "value": "Energieverteiler",
        "category": null,
        "description": null
      },
      {
        "key": "fr",
        "value": "Distributeur de puissance",
        "category": null,
        "description": null
      },
      {
        "key": "it",
        "value": "Distributore di potenza",
        "category": null,
        "description": null
      },
      {
        "key": "pt",
        "value": "Distribuidor de Energia",
        "category": null,
        "description": null
      }
    ]
  },
  {
    "id": "FuelBars",
    "group": "TileGroup",
    "lang": [
      {
        "key": "en",
        "value": "Signature & Fuel Bars",
        "category": null,
        "description": null
      },
      {
        "key": "ru",
        "value": "Бар подписи тепла и топливные бары",
        "category": null,
        "description": null
      },
      {
        "key": "de",
        "value": "Signaturen & Kraftstoff Leisten",
        "category": null,
        "description": null
      },
      {
        "key": "fr",
        "value": "Barres de signature et de carburant",
        "category": null,
        "description": null
      },
      {
        "key": "it",
        "value": "Firma e barre del carburante",
        "category": null,
        "description": null
      },
      {
        "key": "pt",
        "value": "Barra de Assinatura e combustível",
        "category": null,
        "description": null
      }
    ]
  },
  {
    "id": "StationsPanels",
    "group": "TileGroup",
    "lang": [
      {
        "key": "en",
        "value": "Ship & Stations Panels",
        "category": null,
        "description": null
      },
      {
        "key": "ru",
        "value": "Панели кораблей и станций",
        "category": null,
        "description": null
      },
      {
        "key": "de",
        "value": "Schiffs- und Stationstafeln",
        "category": null,
        "description": null
      },
      {
        "key": "fr",
        "value": "Panneaux de navires et de stations",
        "category": null,
        "description": null
      },
      {
        "key": "it",
        "value": "Pannelli Nave e Stazioni",
        "category": null,
        "description": null
      },
      {
        "key": "pt",
        "value": "Painéis de Navios e Estações",
        "category": null,
        "description": null
      }
    ]
  }
]