[
  {
    "Name": "Tips",
    "Language": "en",
    "Title": "Tips & Features",
    "Elements": [
      "You can Refresh your changes in game by pressing the F11 key.",
      "There is no preview for Odyssey version.",
      "To change the XML click 'Ship & Station Panels' tile.",
      "The Shipyard feature allows you to set a theme for each of your ships, and when you board any, then theme will be automatically applied.",
      "For additional keyboard shortcuts, go to the 3PMods (Plugins) menu and install Odyssey Key Bindings.",
      "Some Colors accept Alpha (transparency) values.",
	  "NOTE: Since translations have been left out of the original project for a very long time, languages other than English show poor results. For simplicity, I'm only maintaining English, so I recommend using the app in English."
    ]
  },
  {
    "Name": "Tips",
    "Language": "es",
    "Title": "Consejos y Carácteristicas",
    "Elements": [
      "You can Refresh your changes in game by pressing the F11 key.",
      "There is no preview for Odyssey version.",
      "To change the XML click 'Ship & Station Panels' tile.",
      "The Shipyard feature allows you to set a theme for each of your ships, and when you board any, then theme will be automatically applied.",
      "For additional keyboard shortcuts, go to the 3PMods (Plugins) menu and install Odyssey Key Bindings.",
      "Some Colors accept Alpha (transparency) values.",
	  "NOTE: Since translations have been left out of the original project for a very long time, languages other than English show poor results. For simplicity, I'm only maintaining English, so I recommend using the app in English."
    ]
  },
  {
    "Name": "Tips",
    "Language": "fr",
    "Title": "Conseils et fonctionnalités",
    "Elements": [
      "You can Refresh your changes in game by pressing the F11 key.",
      "There is no preview for Odyssey version.",
      "To change the XML click 'Ship & Station Panels' tile.",
      "The Shipyard feature allows you to set a theme for each of your ships, and when you board any, then theme will be automatically applied.",
      "For additional keyboard shortcuts, go to the 3PMods (Plugins) menu and install Odyssey Key Bindings.",
      "Some Colors accept Alpha (transparency) values.",
	  "NOTE: Since translations have been left out of the original project for a very long time, languages other than English show poor results. For simplicity, I'm only maintaining English, so I recommend using the app in English."
    ]
  },
  {
    "Name": "Tips",
    "Language": "ru",
    "Title": "Советы и особенности",
    "Elements": [
      "You can Refresh your changes in game by pressing the F11 key.",
      "There is no preview for Odyssey version.",
      "To change the XML click 'Ship & Station Panels' tile.",
      "The Shipyard feature allows you to set a theme for each of your ships, and when you board any, then theme will be automatically applied.",
      "For additional keyboard shortcuts, go to the 3PMods (Plugins) menu and install Odyssey Key Bindings.",
      "Some Colors accept Alpha (transparency) values.",
	  "NOTE: Since translations have been left out of the original project for a very long time, languages other than English show poor results. For simplicity, I'm only maintaining English, so I recommend using the app in English."
    ]
  },
{
    "Name": "Tips",
    "Language": "de",
    "Title": "Tipps & Funktionen",
    "Elements": [
      "You can Refresh your changes in game by pressing the F11 key.",
      "There is no preview for Odyssey version.",
      "To change the XML click 'Ship & Station Panels' tile.",
      "The Shipyard feature allows you to set a theme for each of your ships, and when you board any, then theme will be automatically applied.",
      "For additional keyboard shortcuts, go to the 3PMods (Plugins) menu and install Odyssey Key Bindings.",
      "Some Colors accept Alpha (transparency) values.",
	  "NOTE: Since translations have been left out of the original project for a very long time, languages other than English show poor results. For simplicity, I'm only maintaining English, so I recommend using the app in English."
    ]
  }
]