[
   {
      "game":"ODYSSEY",
      "file_path":"%UI_DOCS%\\ODYSS",
      "action":"RMDIR-EX",
      "destination":"Themes,History,3PMods,EDHM"
   },

   {
      "game":"ODYSSEY",
      "file_path":"%GAME_PATH%\\nvapi64.dll",
      "action":"DEL",
      "destination":""
   },

   {
      "game":"ODYSSEY",
      "file_path":"%UI_DOCS%\\ODYSS\\Themes\\Taneth Yellow",
      "action":"RMDIR",
      "destination":""
   },
   
   {
      "game":"ODYSSEY",
      "file_path":"%GAME_PATH%\\ShaderFixes\\51ba14781bfa549f-ps.txt",
      "action":"DEL",
      "destination":""
   },
   
   {
      "game":"ODYSSEY",
      "file_path":"%GAME_PATH%\\ShaderFixes\\c1c34d240144495f-ps.txt",
      "action":"DEL",
      "destination":""
   },
   
   {
      "game":"ODYSSEY",
      "file_path":"%GAME_PATH%\\ShaderFixes\\f3f4a4cbfa7501ca-ps.txt",
      "action":"DEL",
      "destination":""
   },
   
   {
      "game":"ODYSSEY",
      "file_path":"%GAME_PATH%\\ShaderFixes\\8a7faf06c519a38d-ps.txt",
      "action":"DEL",
      "destination":""
   },
   
   {
      "game":"ODYSSEY",
      "file_path":"%GAME_PATH%\\ShaderFixes\\a3b4dcdc3bf9701e-ps.txt",
      "action":"DEL",
      "destination":""
   }
 
]