[
   {
      "game":"ODYSSEY",
      "file_path":"%UI_DOCS%\\ODYSS",
      "action":"RMDIR-EX",
      "destination":"Themes,History,3PMods,EDHM"
   },

   {
      "game":"ODYSSEY",
      "file_path":"%UI_DOCS%\\ODYSS\\Themes\\Taneth Yellow",
      "action":"RMDIR",
      "destination":""
   },
   
   {
      "game":"ODYSSEY",
      "file_path":"%GAME_PATH%\\ShaderFixes\\51ba14781bfa549f-ps.txt",
      "action":"DEL",
      "destination":""
   },
   
   {
      "game":"ODYSSEY",
      "file_path":"%GAME_PATH%\\ShaderFixes\\c1c34d240144495f-ps.txt",
      "action":"DEL",
      "destination":""
   },
   
   {
      "game":"ODYSSEY",
      "file_path":"%GAME_PATH%\\ShaderFixes\\f3f4a4cbfa7501ca-ps.txt",
      "action":"DEL",
      "destination":""
   },
   
   {
      "game":"ODYSSEY",
      "file_path":"%GAME_PATH%\\ShaderFixes\\8a7faf06c519a38d-ps.txt",
      "action":"DEL",
      "destination":""
   },
   
   {
      "game":"ODYSSEY",
      "file_path":"%GAME_PATH%\\ShaderFixes\\a3b4dcdc3bf9701e-ps.txt",
      "action":"DEL",
      "destination":""
   },
   
   {
      "game":"ODYSSEY",
      "file_path":"%GAME_PATH%\\ShaderFixes\\07f11379dfe3e23c-ps.txt",
      "action":"DEL",
      "destination":""
   },
   
   {
      "game":"ODYSSEY",
      "file_path":"%GAME_PATH%\\ShaderFixes\\12e05edb5b29308a-ps.txt",
      "action":"DEL",
      "destination":""
   },
   
   {
      "game":"ODYSSEY",
      "file_path":"%GAME_PATH%\\ShaderFixes\\1adeed03a818ca0c-ps.txt",
      "action":"DEL",
      "destination":""
   },
   
   {
      "game":"ODYSSEY",
      "file_path":"%GAME_PATH%\\ShaderFixes\\2323e5ac06e01fad-ps.txt",
      "action":"DEL",
      "destination":""
   },
   
   {
      "game":"ODYSSEY",
      "file_path":"%GAME_PATH%\\ShaderFixes\\434d3e50537cf887-ps.txt",
      "action":"DEL",
      "destination":""
   },
   
   {
      "game":"ODYSSEY",
      "file_path":"%GAME_PATH%\\ShaderFixes\\45d767ced0be9344-ps.txt",
      "action":"DEL",
      "destination":""
   },
   
   {
      "game":"ODYSSEY",
      "file_path":"%GAME_PATH%\\ShaderFixes\\477c5eb5a1f4f0f2-ps.txt",
      "action":"DEL",
      "destination":""
   },
   
   {
      "game":"ODYSSEY",
      "file_path":"%GAME_PATH%\\ShaderFixes\\52fa479bee8e6d60-ps.txt",
      "action":"DEL",
      "destination":""
   },
   
   {
      "game":"ODYSSEY",
      "file_path":"%GAME_PATH%\\ShaderFixes\\9150064f9741a85a-ps.txt",
      "action":"DEL",
      "destination":""
   },
   
   {
      "game":"ODYSSEY",
      "file_path":"%GAME_PATH%\\ShaderFixes\\98f7ce2c75cf7419-ps.txt",
      "action":"DEL",
      "destination":""
   },
   
   {
      "game":"ODYSSEY",
      "file_path":"%GAME_PATH%\\ShaderFixes\\a00d8c219ae388c4-ps.txt",
      "action":"DEL",
      "destination":""
   },
   
   {
      "game":"ODYSSEY",
      "file_path":"%GAME_PATH%\\ShaderFixes\\a981a776cb7899f5-ps.txt",
      "action":"DEL",
      "destination":""
   },
   
   {
      "game":"ODYSSEY",
      "file_path":"%GAME_PATH%\\ShaderFixes\\bac3dffcca69c92f-ps.txt",
      "action":"DEL",
      "destination":""
   },
   
   {
      "game":"ODYSSEY",
      "file_path":"%GAME_PATH%\\ShaderFixes\\f2315a3a7cb88d2c-ps.txt",
      "action":"DEL",
      "destination":""
   }
 
]