[
   {
      "game":"ODYSSEY",
      "file_path":"%UI_DOCS%\\ODYSS",
      "action":"RMDIR-EX",
      "destination":"Themes,History,3PMods,EDHM"
   },

   {
      "game":"ODYSSEY",
      "file_path":"%GAME_PATH%\\nvapi64.dll",
      "action":"DEL",
      "destination":""
   },

   {
      "game":"ODYSSEY",
      "file_path":"%UI_DOCS%\\ODYSS\\Themes\\Taneth Yellow",
      "action":"RMDIR",
      "destination":""
   },
   
   {
      "game":"ODYSSEY",
      "file_path":"%GAME_PATH%\\ShaderFixes\\",
      "action":"RMDIR",
      "destination":""
   }
 
]